Zero Clades,One Clades,From,Entry,Reviewed,Entry Name,Protein names,Gene Names,Organism,Length,Somatic,Germline,Tumour Types(Somatic),Tumour Types(Germline),Cancer Syndrome,Tissue Type,Molecular Genetics,Role in Cancer,Mutation Types,Translocation Partner,Other Germline Mut,Other Syndrome,Gene Symbol,Name,Entrez GeneId,Genome Location,Tier,Hallmark,Chr Band
"[['Trachypithecus francoisi', 'Rhinopithecus roxellana', 'Rhinopithecus bieti']]","[['Callithrix jacchus', 'Aotus nancymaae'], ['Cebus imitator', 'Cebus capucinus', 'Sapajus apella'], ['Gorilla gorilla', 'Pan paniscus', 'Pan troglodytes'], ['Mandrillus leucophaeus', 'Cercocebus atys', 'Papio anubis', 'Theropithecus gelada'], ['Macaca fascicularis', 'Macaca mulatta', 'Macaca nemestrina'], ['Piliocolobus tephrosceles', 'Colobus angolensis palliatus']]",AR,P10275,reviewed,ANDR_HUMAN,Androgen receptor (Dihydrotestosterone receptor) (Nuclear receptor subfamily 3 group C member 4),AR DHTR NR3C4,Homo sapiens (Human),920,yes,yes,prostate,,,E,Dom,oncogene,Mis,,yes  ,"Androgen insensitivity, Hypospadias 1, X-linked, Spinal and bulbar muscular atrophy of Kennedy ",AR,Androgen Receptor ,367,X:67544036-67730619,1,Yes,12
"[['Trachypithecus francoisi', 'Rhinopithecus roxellana', 'Rhinopithecus bieti']]","[['Cebus imitator', 'Cebus capucinus', 'Sapajus apella'], ['Gorilla gorilla', 'Pan paniscus', 'Pan troglodytes'], ['Macaca fascicularis', 'Macaca mulatta', 'Macaca nemestrina'], ['Piliocolobus tephrosceles', 'Colobus angolensis palliatus']]",ALK,Q9UM73,reviewed,ALK_HUMAN,"ALK tyrosine kinase receptor, EC 2.7.10.1 (Anaplastic lymphoma kinase) (CD antigen CD246)",ALK,Homo sapiens (Human),1620,yes,yes,"ALCL, NSCLC, neuroblastoma, inflammatory myofibroblastic tumour, Spitzoid tumour",neuroblastoma,familial neuroblastoma,"L, E, M",Dom,"oncogene, fusion","T, Mis, A","NPM1, TPM3, TFG, TPM4, ATIC, CLTC, MSN, RNF213, CARS, EML4, KIF5B, C2orf22, DCTN1, HIP1, TPR, RANBP2, PPFIBP1, SEC31A, STRN, VCL, C2orf44, KLC1",,,ALK,anaplastic lymphoma kinase (Ki-1),238,2:29192774-29921566,1,Yes,23.2
"[['Trachypithecus francoisi', 'Rhinopithecus roxellana', 'Rhinopithecus bieti']]","[['Cebus imitator', 'Cebus capucinus', 'Sapajus apella'], ['Gorilla gorilla', 'Pan paniscus', 'Pan troglodytes'], ['Macaca fascicularis', 'Macaca mulatta', 'Macaca nemestrina'], ['Piliocolobus tephrosceles', 'Colobus angolensis palliatus']]",PTPRT,O14522,reviewed,PTPRT_HUMAN,"Receptor-type tyrosine-protein phosphatase T, R-PTP-T, EC 3.1.3.48 (Receptor-type tyrosine-protein phosphatase rho, RPTP-rho)",PTPRT KIAA0283,Homo sapiens (Human),1441,yes,,"HNSCC, colorectal cancer, gastric cancer, lung cancer, melanoma",,,E,,TSG,"Mis, N",,,,PTPRT,"protein tyrosine phosphatase, receptor type T ",11122,20:42072752-43189969,1,Yes,13.11
"[['Piliocolobus tephrosceles', 'Colobus angolensis palliatus']]","[['Callithrix jacchus', 'Aotus nancymaae'], ['Cebus imitator', 'Cebus capucinus', 'Sapajus apella'], ['Hylobates moloch', 'Nomascus leucogenys'], ['Gorilla gorilla', 'Pan paniscus', 'Pan troglodytes'], ['Macaca fascicularis', 'Macaca mulatta', 'Macaca nemestrina']]",SDHC,Q99643,reviewed,C560_HUMAN,"Succinate dehydrogenase cytochrome b560 subunit, mitochondrial (Integral membrane protein CII-3) (QPs-1, QPs1) (Succinate dehydrogenase complex subunit C) (Succinate-ubiquinone oxidoreductase cytochrome B large subunit, CYBL)",SDHC CYB560 SDH3,Homo sapiens (Human),169,,yes,,"paraganglioma, pheochromocytoma",familial paraganglioma,O,Rec,TSG,"Mis, N, F",,,,SDHC,"succinate dehydrogenase complex, subunit C, integral membrane protein, 15kDa",6391,1:161314257-161375340,1,,23.3
"[['Piliocolobus tephrosceles', 'Colobus angolensis palliatus']]","[['Callithrix jacchus', 'Aotus nancymaae'], ['Cebus imitator', 'Cebus capucinus', 'Sapajus apella'], ['Trachypithecus francoisi', 'Rhinopithecus roxellana', 'Rhinopithecus bieti']]",ASPSCR1,Q9BZE9,reviewed,ASPC1_HUMAN,Tether containing UBX domain for GLUT4 (Alveolar soft part sarcoma chromosomal region candidate gene 1 protein) (Alveolar soft part sarcoma locus) (Renal papillary cell carcinoma protein 17) (UBX domain-containing protein 9),ASPSCR1 ASPL RCC17 TUG UBXD9 UBXN9,Homo sapiens (Human),553,yes,,alveolar soft part sarcoma,,,M,Dom,fusion,T,TFE3,,,ASPSCR1,"alveolar soft part sarcoma chromosome region, candidate 1",79058,17:81977550-82017404,1,Yes,25.3
"[['Piliocolobus tephrosceles', 'Colobus angolensis palliatus']]","[['Callithrix jacchus', 'Aotus nancymaae'], ['Cebus imitator', 'Cebus capucinus', 'Sapajus apella']]",HOXA13,P31271,reviewed,HXA13_HUMAN,Homeobox protein Hox-A13 (Homeobox protein Hox-1J),HOXA13 HOX1J,Homo sapiens (Human),388,yes,,AML,,,L,Dom,"oncogene, fusion",T,NUP98,,,HOXA13,homeo box A13,3209,7:27194364-27200106,1,,15.2
"[['Piliocolobus tephrosceles', 'Colobus angolensis palliatus']]","[['Callithrix jacchus', 'Aotus nancymaae'], ['Cebus imitator', 'Cebus capucinus', 'Sapajus apella']]",SETD1B,Q9UPS6,reviewed,SET1B_HUMAN,"Histone-lysine N-methyltransferase SETD1B, EC 2.1.1.364 (Lysine N-methyltransferase 2G) (SET domain-containing protein 1B, hSET1B)",SETD1B KIAA1076 KMT2G SET1B,Homo sapiens (Human),1966,yes,,"CRC, endometrium",,,E,,TSG,"D, F",,,,SETD1B,SET domain containing 1B ,23067,12:121804180-121830239,2,,24.31
"[['Piliocolobus tephrosceles', 'Colobus angolensis palliatus']]","[['Callithrix jacchus', 'Aotus nancymaae'], ['Hylobates moloch', 'Nomascus leucogenys'], ['Gorilla gorilla', 'Pan paniscus', 'Pan troglodytes'], ['Macaca fascicularis', 'Macaca mulatta', 'Macaca nemestrina'], ['Trachypithecus francoisi', 'Rhinopithecus roxellana', 'Rhinopithecus bieti']]",CBFA2T3,O75081,reviewed,MTG16_HUMAN,"Protein CBFA2T3 (MTG8-related protein 2) (Myeloid translocation gene on chromosome 16 protein, hMTG16) (Zinc finger MYND domain-containing protein 4)",CBFA2T3 MTG16 MTGR2 ZMYND4,Homo sapiens (Human),653,yes,,AML,,,L,Dom,"TSG, fusion",T,"RUNX1, GLIS2",,,CBFA2T3,"core-binding factor, runt domain, alpha subunit 2; translocated to, 3 (MTG-16)",863,16:88874858-88977204,1,Yes,24.3
"[['Piliocolobus tephrosceles', 'Colobus angolensis palliatus']]","[['Cebus imitator', 'Cebus capucinus', 'Sapajus apella'], ['Macaca fascicularis', 'Macaca mulatta', 'Macaca nemestrina'], ['Trachypithecus francoisi', 'Rhinopithecus roxellana', 'Rhinopithecus bieti']]",MYCN,P04198,reviewed,MYCN_HUMAN,"N-myc proto-oncogene protein (Class E basic helix-loop-helix protein 37, bHLHe37)",MYCN BHLHE37 NMYC,Homo sapiens (Human),464,yes,,"neuroblastoma, Wilms tumour",,,O,Dom,oncogene,"A, Mis",,yes  ,Feingold syndrome 1,MYCN,"v-myc myelocytomatosis viral related oncogene, neuroblastoma derived (avian)",4613,2:15940564-15947007,1,,24.3
"[['Piliocolobus tephrosceles', 'Colobus angolensis palliatus'], ['Trachypithecus francoisi', 'Rhinopithecus roxellana', 'Rhinopithecus bieti']]","[['Hylobates moloch', 'Nomascus leucogenys']]",KLK2,P20151,reviewed,KLK2_HUMAN,"Kallikrein-2, EC 3.4.21.35 (Glandular kallikrein-1, hGK-1) (Tissue kallikrein-2)",KLK2,Homo sapiens (Human),261,yes,,prostate,,,E,Dom,fusion,T,ETV4,,,KLK2,kallikrein-related peptidase 2,3817,19:50873249-50880567,1,,13.33
"[['Hylobates moloch', 'Nomascus leucogenys']]","[['Callithrix jacchus', 'Aotus nancymaae'], ['Cebus imitator', 'Cebus capucinus', 'Sapajus apella'], ['Gorilla gorilla', 'Pan paniscus', 'Pan troglodytes'], ['Mandrillus leucophaeus', 'Cercocebus atys', 'Papio anubis', 'Theropithecus gelada'], ['Piliocolobus tephrosceles', 'Colobus angolensis palliatus'], ['Trachypithecus francoisi', 'Rhinopithecus roxellana', 'Rhinopithecus bieti']]",9-Sep,Q9UHD8,reviewed,SEPT9_HUMAN,"Septin-9 (MLL septin-like fusion protein MSF-A, MLL septin-like fusion protein) (Ovarian/Breast septin, Ov/Br septin) (Septin D1)",SEPTIN9 KIAA0991 MSF SEPT9,Homo sapiens (Human),586,,,,,,,,,,,,,,,,,,,
"[['Hylobates moloch', 'Nomascus leucogenys']]","[['Callithrix jacchus', 'Aotus nancymaae'], ['Cebus imitator', 'Cebus capucinus', 'Sapajus apella'], ['Macaca fascicularis', 'Macaca mulatta', 'Macaca nemestrina']]",SS18L1,O75177,reviewed,CREST_HUMAN,Calcium-responsive transactivator (SS18-like protein 1) (SYT homolog 1),SS18L1 CREST KIAA0693,Homo sapiens (Human),396,yes,,synovial sarcoma,,,M,Dom,fusion,T,SSX1,,,SS18L1,synovial sarcoma translocation gene on chromosome 18-like 1,26039,20:62143795-62182484,1,,13.33
"[['Hylobates moloch', 'Nomascus leucogenys']]","[['Cebus imitator', 'Cebus capucinus', 'Sapajus apella'], ['Piliocolobus tephrosceles', 'Colobus angolensis palliatus'], ['Trachypithecus francoisi', 'Rhinopithecus roxellana', 'Rhinopithecus bieti']]",ATR,P20848,reviewed,A1ATR_HUMAN,Alpha-1-antitrypsin-related protein (Protease inhibitor 1-like) (Serpin A2),SERPINA2 ARGS ATR PIL SERPINA2P,Homo sapiens (Human),421,yes,yes,"endometrial, gastric, epithelial ovarian, myeloma",oropharyngeal,familial cutaneous telangiectasia and cancer syndrome,"E, L",Dom,TSG,"F, Mis",,yes  ,Seckel syndrome 1,ATR,ATR serine/threonine kinase,545,3:142449237-142578826,1,Yes,23
"[['Hylobates moloch', 'Nomascus leucogenys'], ['Piliocolobus tephrosceles', 'Colobus angolensis palliatus']]","[['Callithrix jacchus', 'Aotus nancymaae'], ['Cebus imitator', 'Cebus capucinus', 'Sapajus apella'], ['Macaca fascicularis', 'Macaca mulatta', 'Macaca nemestrina']]",SDHA,P31040,reviewed,SDHA_HUMAN,"Succinate dehydrogenase [ubiquinone] flavoprotein subunit, mitochondrial, EC 1.3.5.1 (Flavoprotein subunit of complex II, Fp)",SDHA SDH2 SDHF,Homo sapiens (Human),664,yes,yes,"GIST, paraganglioma",paraganglioma,paragangliomas-5 (PGL5),"M, O",Rec,TSG,"Mis, N",,,,SDHA,"succinate dehydrogenase complex, subunit A, flavoprotein (Fp)",6389,5:218241-256700,1,Yes,15.33
"[['Gorilla gorilla', 'Pan paniscus', 'Pan troglodytes']]","[['Callithrix jacchus', 'Aotus nancymaae'], ['Cebus imitator', 'Cebus capucinus', 'Sapajus apella'], ['Mandrillus leucophaeus', 'Cercocebus atys', 'Papio anubis', 'Theropithecus gelada'], ['Macaca fascicularis', 'Macaca mulatta', 'Macaca nemestrina'], ['Piliocolobus tephrosceles', 'Colobus angolensis palliatus'], ['Trachypithecus francoisi', 'Rhinopithecus roxellana', 'Rhinopithecus bieti']]",RANBP2,P49792,reviewed,RBP2_HUMAN,"E3 SUMO-protein ligase RanBP2, EC 2.3.2.- (358 kDa nucleoporin) (Nuclear pore complex protein Nup358) (Nucleoporin Nup358) (Ran-binding protein 2, RanBP2) (p270)",RANBP2 NUP358,Homo sapiens (Human),3224,yes,,inflammatory myofibroblastic tumour,,,M,Dom,"TSG, fusion",T,ALK,,,RANBP2,RAN binding protein 2,5903,2:108719481-108785811,1,Yes,13
"[['Gorilla gorilla', 'Pan paniscus', 'Pan troglodytes']]","[['Callithrix jacchus', 'Aotus nancymaae']]",FOXL2,P58012,reviewed,FOXL2_HUMAN,Forkhead box protein L2,FOXL2,Homo sapiens (Human),376,yes,,granulosa-cell tumour of the ovary,,,O,Dom,"oncogene, TSG",Mis,,yes  ,"Blepharophimosis, ptosis and epicanthus inversus Types I, II; Premature ovarian failure type III",FOXL2,forkhead box L2,668,3:138944224-138947140,1,Yes,22.3
"[['Gorilla gorilla', 'Pan paniscus', 'Pan troglodytes'], ['Macaca fascicularis', 'Macaca mulatta', 'Macaca nemestrina']]",[],CEBPA,P49715,reviewed,CEBPA_HUMAN,"CCAAT/enhancer-binding protein alpha, C/EBP alpha",CEBPA CEBP,Homo sapiens (Human),358,yes,,"AML, MDS",,,L,Dom,TSG,"Mis, N, F",,,,CEBPA,"CCAAT/enhancer binding protein (C/EBP), alpha",1050,19:33299934-33302564,1,Yes,13.11
"[['Cebus imitator', 'Cebus capucinus', 'Sapajus apella']]","[['Hylobates moloch', 'Nomascus leucogenys'], ['Gorilla gorilla', 'Pan paniscus', 'Pan troglodytes'], ['Macaca fascicularis', 'Macaca mulatta', 'Macaca nemestrina'], ['Trachypithecus francoisi', 'Rhinopithecus roxellana', 'Rhinopithecus bieti']]",CD209,Q9NNX6,reviewed,CD209_HUMAN,"CD209 antigen (C-type lectin domain family 4 member L) (Dendritic cell-specific ICAM-3-grabbing non-integrin 1, DC-SIGN, DC-SIGN1) (CD antigen CD209)",CD209 CLEC4L,Homo sapiens (Human),404,yes,,prostate carcinoma,,,E,,,Mis,,,,CD209,CD209 molecule,30835,19:7739994-7747534,2,,13.2
"[['Cebus imitator', 'Cebus capucinus', 'Sapajus apella']]","[['Hylobates moloch', 'Nomascus leucogenys'], ['Gorilla gorilla', 'Pan paniscus', 'Pan troglodytes'], ['Mandrillus leucophaeus', 'Cercocebus atys', 'Papio anubis', 'Theropithecus gelada'], ['Macaca fascicularis', 'Macaca mulatta', 'Macaca nemestrina'], ['Piliocolobus tephrosceles', 'Colobus angolensis palliatus']]",CNBD1,Q8NA66,reviewed,CNBD1_HUMAN,Cyclic nucleotide-binding domain-containing protein 1,CNBD1,Homo sapiens (Human),436,yes,,"gastric cancer, colon cancer",,,E,,,Mis,,,,CNBD1,cyclic nucleotide binding domain containing 1,168975,8:86866445-87382859,2,,21.3
"[['Cebus imitator', 'Cebus capucinus', 'Sapajus apella']]","[['Hylobates moloch', 'Nomascus leucogenys'], ['Gorilla gorilla', 'Pan paniscus', 'Pan troglodytes'], ['Mandrillus leucophaeus', 'Cercocebus atys', 'Papio anubis', 'Theropithecus gelada'], ['Macaca fascicularis', 'Macaca mulatta', 'Macaca nemestrina'], ['Piliocolobus tephrosceles', 'Colobus angolensis palliatus'], ['Trachypithecus francoisi', 'Rhinopithecus roxellana', 'Rhinopithecus bieti']]",CHCHD7,Q9BUK0,reviewed,CHCH7_HUMAN,Coiled-coil-helix-coiled-coil-helix domain-containing protein 7,CHCHD7,Homo sapiens (Human),85,yes,,salivary adenoma,,,E,Dom,fusion,T,PLAG1,,,CHCHD7,coiled-coil-helix-coiled-coil-helix domain containing 7,79145,8:56211756-56218615,1,,12.1
"[['Cebus imitator', 'Cebus capucinus', 'Sapajus apella']]","[['Hylobates moloch', 'Nomascus leucogenys'], ['Gorilla gorilla', 'Pan paniscus', 'Pan troglodytes'], ['Mandrillus leucophaeus', 'Cercocebus atys', 'Papio anubis', 'Theropithecus gelada'], ['Macaca fascicularis', 'Macaca mulatta', 'Macaca nemestrina'], ['Piliocolobus tephrosceles', 'Colobus angolensis palliatus'], ['Trachypithecus francoisi', 'Rhinopithecus roxellana', 'Rhinopithecus bieti']]",SSX1,Q16384,reviewed,SSX1_HUMAN,"Protein SSX1 (Cancer/testis antigen 5.1, CT5.1) (Synovial sarcoma, X breakpoint 1)",SSX1,Homo sapiens (Human),188,yes,,synovial sarcoma,,,M,Dom,"oncogene, fusion",T,SS18,,,SSX1,"synovial sarcoma, X breakpoint 1",6756,X:48255317-48267444,1,,11.23
"[['Cebus imitator', 'Cebus capucinus', 'Sapajus apella']]","[['Hylobates moloch', 'Nomascus leucogenys'], ['Gorilla gorilla', 'Pan paniscus', 'Pan troglodytes'], ['Mandrillus leucophaeus', 'Cercocebus atys', 'Papio anubis', 'Theropithecus gelada'], ['Macaca fascicularis', 'Macaca mulatta', 'Macaca nemestrina']]",SSX2,Q16385,reviewed,SSX2_HUMAN,"Protein SSX2 (Cancer/testis antigen 5.2, CT5.2) (Synovial sarcoma, X breakpoint 2) (Tumor antigen HOM-MEL-40)",SSX2 SSX2A; SSX2B,Homo sapiens (Human),188,yes,,synovial sarcoma,,,M,Dom,"oncogene, fusion",T,SS18,,,SSX2,"synovial sarcoma, X breakpoint 2",6757,X:52696896-52707161,1,,11.22
"[['Cebus imitator', 'Cebus capucinus', 'Sapajus apella']]","[['Hylobates moloch', 'Nomascus leucogenys'], ['Gorilla gorilla', 'Pan paniscus', 'Pan troglodytes'], ['Mandrillus leucophaeus', 'Cercocebus atys', 'Papio anubis', 'Theropithecus gelada'], ['Macaca fascicularis', 'Macaca mulatta', 'Macaca nemestrina']]",SSX4,O60224,reviewed,SSX4_HUMAN,"Protein SSX4 (Cancer/testis antigen 5.4, CT5.4)",SSX4 SSX4A; SSX4B,Homo sapiens (Human),188,yes,,synovial sarcoma,,,M,Dom,"oncogene, fusion",T,SS18,,,SSX4,"synovial sarcoma, X breakpoint 4",6759,X:48383527-48393347,1,,11.23
"[['Callithrix jacchus', 'Aotus nancymaae']]","[['Cebus imitator', 'Cebus capucinus', 'Sapajus apella'], ['Hylobates moloch', 'Nomascus leucogenys'], ['Gorilla gorilla', 'Pan paniscus', 'Pan troglodytes'], ['Mandrillus leucophaeus', 'Cercocebus atys', 'Papio anubis', 'Theropithecus gelada'], ['Macaca fascicularis', 'Macaca mulatta', 'Macaca nemestrina'], ['Piliocolobus tephrosceles', 'Colobus angolensis palliatus'], ['Trachypithecus francoisi', 'Rhinopithecus roxellana', 'Rhinopithecus bieti']]",DCAF12L2,Q5VW00,reviewed,DC122_HUMAN,DDB1- and CUL4-associated factor 12-like protein 2 (WD repeat-containing protein 40C),DCAF12L2 WDR40C,Homo sapiens (Human),463,yes,,CRC,,,E,,,Mis,,,,DCAF12L2,DDB1 and CUL4 associated factor 12 like 2,340578,X:126163499-126166097,2,,25
"[['Callithrix jacchus', 'Aotus nancymaae']]","[['Gorilla gorilla', 'Pan paniscus', 'Pan troglodytes'], ['Trachypithecus francoisi', 'Rhinopithecus roxellana', 'Rhinopithecus bieti']]",P2RY8,Q86VZ1,reviewed,P2RY8_HUMAN,"P2Y purinoceptor 8, P2Y8",P2RY8,Homo sapiens (Human),359,yes,,"B-ALL, Down syndrome associated ALL",,,L,Dom,"oncogene, fusion",T,CRLF2,,,P2RY8,"purinergic receptor P2Y, G-protein coupled, 8",286530,X:1462572-1537107,1,,22.33
"[['Callithrix jacchus', 'Aotus nancymaae']]","[['Hylobates moloch', 'Nomascus leucogenys'], ['Gorilla gorilla', 'Pan paniscus', 'Pan troglodytes'], ['Mandrillus leucophaeus', 'Cercocebus atys', 'Papio anubis', 'Theropithecus gelada'], ['Piliocolobus tephrosceles', 'Colobus angolensis palliatus']]",CD79B,P40259,reviewed,CD79B_HUMAN,B-cell antigen receptor complex-associated protein beta chain (B-cell-specific glycoprotein B29) (Ig-beta) (Immunoglobulin-associated B29 protein) (CD antigen CD79b),CD79B B29 IGB,Homo sapiens (Human),229,yes,,"DLBCL, WM",,,L,Dom,oncogene,"Mis, S",,yes  ,Agammaglobulinaemia,CD79B,"CD79b molecule, immunoglobulin-associated beta",974,17:63928740-63932336,1,Yes,23.3
"[['Callithrix jacchus', 'Aotus nancymaae']]","[['Hylobates moloch', 'Nomascus leucogenys']]",FANCF,Q9NPI8,reviewed,FANCF_HUMAN,"Fanconi anemia group F protein, Protein FACF",FANCF,Homo sapiens (Human),374,,yes,,"AML, leukaemia",Fanconi anaemia F,L,Rec,TSG,"N, F",,,,FANCF,"Fanconi anemia, complementation group F",2188,11:22622519-22626787,1,,14.3
"[['Callithrix jacchus', 'Aotus nancymaae']]","[['Mandrillus leucophaeus', 'Cercocebus atys', 'Papio anubis', 'Theropithecus gelada'], ['Macaca fascicularis', 'Macaca mulatta', 'Macaca nemestrina'], ['Piliocolobus tephrosceles', 'Colobus angolensis palliatus'], ['Trachypithecus francoisi', 'Rhinopithecus roxellana', 'Rhinopithecus bieti']]",ZNF429,Q86V71,reviewed,ZN429_HUMAN,Zinc finger protein 429,ZNF429,Homo sapiens (Human),674,yes,,GBM,,,O,,,Mis,,,,ZNF429,zinc finger protein 429,353088,19:21505564-21538078,2,,12
"[['Callithrix jacchus', 'Aotus nancymaae'], ['Mandrillus leucophaeus', 'Cercocebus atys', 'Papio anubis', 'Theropithecus gelada'], ['Macaca fascicularis', 'Macaca mulatta', 'Macaca nemestrina'], ['Piliocolobus tephrosceles', 'Colobus angolensis palliatus']]","[['Cebus imitator', 'Cebus capucinus', 'Sapajus apella']]",XPA,P23025,reviewed,XPA_HUMAN,DNA repair protein complementing XP-A cells (Xeroderma pigmentosum group A-complementing protein),XPA XPAC,Homo sapiens (Human),273,,yes,,"skin basal cell, skin squamous cell, melanoma",xeroderma pigmentosum (A),E,Rec,TSG,"Mis, N, F, S",,,,XPA,"xeroderma pigmentosum, complementation group A",7507,9:97674909-97697357,1,,22.33
"[['Callithrix jacchus', 'Aotus nancymaae'], ['Gorilla gorilla', 'Pan paniscus', 'Pan troglodytes']]",[],JUN,P05412,reviewed,JUN_HUMAN,"Transcription factor Jun (Activator protein 1, AP1) (Proto-oncogene c-Jun) (Transcription factor AP-1 subunit Jun) (V-jun avian sarcoma virus 17 oncogene homolog) (p39)",JUN,Homo sapiens (Human),331,yes,,sarcoma,,,M,Dom,oncogene,A,,,,JUN,jun oncogene,3725,1:58780788-58784327,1,,32.1
"[['Callithrix jacchus', 'Aotus nancymaae'], ['Gorilla gorilla', 'Pan paniscus', 'Pan troglodytes'], ['Mandrillus leucophaeus', 'Cercocebus atys', 'Papio anubis', 'Theropithecus gelada'], ['Macaca fascicularis', 'Macaca mulatta', 'Macaca nemestrina'], ['Piliocolobus tephrosceles', 'Colobus angolensis palliatus']]",[],MUC16,Q8WXI7,reviewed,MUC16_HUMAN,"Mucin-16, MUC-16 (Ovarian cancer-related tumor marker CA125, CA-125) (Ovarian carcinoma antigen CA125)",MUC16 CA125,Homo sapiens (Human),14507,yes,,"HNSCC, melanoma",,,E,,oncogene,Mis,,,,MUC16,"mucin 16, cell surface associated",94025,19:8848844-8981342,2,,13.2
"[['Callithrix jacchus', 'Aotus nancymaae'], ['Cebus imitator', 'Cebus capucinus', 'Sapajus apella']]","[['Hylobates moloch', 'Nomascus leucogenys'], ['Gorilla gorilla', 'Pan paniscus', 'Pan troglodytes'], ['Macaca fascicularis', 'Macaca mulatta', 'Macaca nemestrina'], ['Piliocolobus tephrosceles', 'Colobus angolensis palliatus'], ['Trachypithecus francoisi', 'Rhinopithecus roxellana', 'Rhinopithecus bieti']]",VHL,P40337,reviewed,VHL_HUMAN,von Hippel-Lindau disease tumor suppressor (Protein G7) (pVHL),VHL,Homo sapiens (Human),213,yes,yes,"renal, haemangioma, pheochromocytoma","renal, haemangioma, pheochromocytoma",Von Hippel-Lindau syndrome,"E, M, O",Rec,TSG,"D, Mis, N, F, S",,,,VHL,von Hippel-Lindau syndrome gene,7428,3:10141008-10152220,1,Yes,25.3
"[['Callithrix jacchus', 'Aotus nancymaae'], ['Cebus imitator', 'Cebus capucinus', 'Sapajus apella']]","[['Hylobates moloch', 'Nomascus leucogenys'], ['Gorilla gorilla', 'Pan paniscus', 'Pan troglodytes'], ['Mandrillus leucophaeus', 'Cercocebus atys', 'Papio anubis', 'Theropithecus gelada'], ['Macaca fascicularis', 'Macaca mulatta', 'Macaca nemestrina'], ['Piliocolobus tephrosceles', 'Colobus angolensis palliatus'], ['Trachypithecus francoisi', 'Rhinopithecus roxellana', 'Rhinopithecus bieti']]",APOBEC3B,Q9UH17,reviewed,ABC3B_HUMAN,"DNA dC->dU-editing enzyme APOBEC-3B, A3B, EC 3.5.4.38 (Phorbolin-1-related protein) (Phorbolin-2/3)",APOBEC3B,Homo sapiens (Human),382,,yes,,breast cancer,,E,Rec,"oncogene, TSG",D,,,,APOBEC3B,apolipoprotein B mRNA editing enzyme catalytic subunit 3B,9582,22:38982409-38992784,1,Yes,13.1
"[['Callithrix jacchus', 'Aotus nancymaae'], ['Cebus imitator', 'Cebus capucinus', 'Sapajus apella']]","[['Hylobates moloch', 'Nomascus leucogenys'], ['Gorilla gorilla', 'Pan paniscus', 'Pan troglodytes'], ['Mandrillus leucophaeus', 'Cercocebus atys', 'Papio anubis', 'Theropithecus gelada'], ['Macaca fascicularis', 'Macaca mulatta', 'Macaca nemestrina'], ['Piliocolobus tephrosceles', 'Colobus angolensis palliatus'], ['Trachypithecus francoisi', 'Rhinopithecus roxellana', 'Rhinopithecus bieti']]",FAS,P25445,reviewed,TNR6_HUMAN,Tumor necrosis factor receptor superfamily member 6 (Apo-1 antigen) (Apoptosis-mediating surface antigen FAS) (FASLG receptor) (CD antigen CD95),FAS APT1 FAS1 TNFRSF6,Homo sapiens (Human),335,yes,,"TGCT, nasal NK/T lymphoma, skin squamous cell carcinoma-burn scar related",,,"L, E, O",Rec,TSG,Mis,,yes  ,Autoimmune lymphoproliferative syndrome,FAS,Fas cell surface death receptor,355,10:88990657-89015785,1,Yes,23.31
"[['Callithrix jacchus', 'Aotus nancymaae'], ['Cebus imitator', 'Cebus capucinus', 'Sapajus apella']]","[['Hylobates moloch', 'Nomascus leucogenys'], ['Gorilla gorilla', 'Pan paniscus', 'Pan troglodytes'], ['Mandrillus leucophaeus', 'Cercocebus atys', 'Papio anubis', 'Theropithecus gelada'], ['Macaca fascicularis', 'Macaca mulatta', 'Macaca nemestrina'], ['Piliocolobus tephrosceles', 'Colobus angolensis palliatus'], ['Trachypithecus francoisi', 'Rhinopithecus roxellana', 'Rhinopithecus bieti']]",COX6C,P09669,reviewed,COX6C_HUMAN,Cytochrome c oxidase subunit 6C (Cytochrome c oxidase polypeptide VIc),COX6C,Homo sapiens (Human),75,yes,,uterine leiomyoma,,,M,Dom,fusion,T,HMGA2,,,COX6C,cytochrome c oxidase subunit VIc,1345,8:99877866-99894062,2,,22.2
"[['Callithrix jacchus', 'Aotus nancymaae'], ['Cebus imitator', 'Cebus capucinus', 'Sapajus apella']]","[['Hylobates moloch', 'Nomascus leucogenys'], ['Gorilla gorilla', 'Pan paniscus', 'Pan troglodytes'], ['Trachypithecus francoisi', 'Rhinopithecus roxellana', 'Rhinopithecus bieti']]",MUC1,P15941,reviewed,MUC1_HUMAN,"Mucin-1, MUC-1 (Breast carcinoma-associated antigen DF3) (Cancer antigen 15-3, CA 15-3) (Carcinoma-associated mucin) (Episialin) (H23AG) (Krebs von den Lungen-6, KL-6) (PEMT) (Peanut-reactive urinary mucin, PUM) (Polymorphic epithelial mucin, PEM) (Tumor-associated epithelial membrane antigen, EMA) (Tumor-associated mucin) (CD antigen CD227) [Cleaved into: Mucin-1 subunit alpha, MUC1-NT, MUC1-alpha; Mucin-1 subunit beta, MUC1-beta (MUC1-CT) ]",MUC1 PUM,Homo sapiens (Human),1255,yes,,B-NHL,,,L,Dom,fusion,T,IGH,,,MUC1,"mucin 1, transmembrane",4582,1:155185826-155192915,1,,22
"[['Callithrix jacchus', 'Aotus nancymaae'], ['Cebus imitator', 'Cebus capucinus', 'Sapajus apella']]","[['Macaca fascicularis', 'Macaca mulatta', 'Macaca nemestrina']]",NUTM2D,Q5VT03,reviewed,NTM2D_HUMAN,NUT family member 2D,NUTM2D FAM22D,Homo sapiens (Human),806,yes,,endometrial stromal sarcoma,,,M,Dom,fusion,T,YWHAE,,,NUTM2D,NUT family member 2A,728130,10:87357668-87367195,1,,23.2
"[['Callithrix jacchus', 'Aotus nancymaae'], ['Cebus imitator', 'Cebus capucinus', 'Sapajus apella']]","[['Macaca fascicularis', 'Macaca mulatta', 'Macaca nemestrina']]",NUTM2B,A6NNL0,reviewed,NTM2B_HUMAN,NUT family member 2B,NUTM2B FAM22B,Homo sapiens (Human),878,yes,,endometrial stromal sarcoma,,,M,Dom,fusion,T,YWHAE,,,NUTM2B,NUT family member 2B,729262,10:79703227-79712757,1,,22.3
"[['Callithrix jacchus', 'Aotus nancymaae'], ['Cebus imitator', 'Cebus capucinus', 'Sapajus apella'], ['Piliocolobus tephrosceles', 'Colobus angolensis palliatus']]","[['Hylobates moloch', 'Nomascus leucogenys'], ['Gorilla gorilla', 'Pan paniscus', 'Pan troglodytes'], ['Trachypithecus francoisi', 'Rhinopithecus roxellana', 'Rhinopithecus bieti']]",ZNF479,Q96JC4,reviewed,ZN479_HUMAN,"Zinc finger protein 479 (Zinc finger protein Kr19, HKr19)",ZNF479,Homo sapiens (Human),524,yes,,"lung cancer, bladder carcinoma, prostate carcinoma",,,E,,,Mis,,,,ZNF479,zinc finger protein 479,90827,7:57119614-57139864,2,,11.2
"[['Callithrix jacchus', 'Aotus nancymaae'], ['Cebus imitator', 'Cebus capucinus', 'Sapajus apella'], ['Piliocolobus tephrosceles', 'Colobus angolensis palliatus']]","[['Trachypithecus francoisi', 'Rhinopithecus roxellana', 'Rhinopithecus bieti']]",CRLF2,Q9HC73,reviewed,CRLF2_HUMAN,"Cytokine receptor-like factor 2 (Cytokine receptor-like 2) (IL-XR) (Thymic stromal lymphopoietin protein receptor, TSLP receptor)",CRLF2 CRL2 ILXR TSLPR,Homo sapiens (Human),371,yes,,"B-ALL, Downs associated ALL",,,L,Dom,"oncogene, fusion","Mis, T","P2RY8, IGH",,,CRLF2,cytokine receptor-like factor 2,64109,X:1190490-1212750,1,Yes,22.33
"[['Callithrix jacchus', 'Aotus nancymaae'], ['Cebus imitator', 'Cebus capucinus', 'Sapajus apella'], ['Mandrillus leucophaeus', 'Cercocebus atys', 'Papio anubis', 'Theropithecus gelada'], ['Piliocolobus tephrosceles', 'Colobus angolensis palliatus']]","[['Hylobates moloch', 'Nomascus leucogenys'], ['Gorilla gorilla', 'Pan paniscus', 'Pan troglodytes'], ['Macaca fascicularis', 'Macaca mulatta', 'Macaca nemestrina']]",TCL1A,P56279,reviewed,TCL1A_HUMAN,"T-cell leukemia/lymphoma protein 1A (Oncogene TCL-1, Oncogene TCL1) (Protein p14 TCL1)",TCL1A TCL1,Homo sapiens (Human),114,yes,,T-CLL,,,L,Dom,"oncogene, fusion",T,TRA,,,TCL1A,T-cell leukemia/lymphoma 1A,8115,14:95709968-95714196,1,Yes,32.13
"[['Callithrix jacchus', 'Aotus nancymaae'], ['Cebus imitator', 'Cebus capucinus', 'Sapajus apella'], ['Mandrillus leucophaeus', 'Cercocebus atys', 'Papio anubis', 'Theropithecus gelada'], ['Macaca fascicularis', 'Macaca mulatta', 'Macaca nemestrina'], ['Piliocolobus tephrosceles', 'Colobus angolensis palliatus'], ['Trachypithecus francoisi', 'Rhinopithecus roxellana', 'Rhinopithecus bieti']]",[],FAM47C,Q5HY64,reviewed,FA47C_HUMAN,Putative protein FAM47C,FAM47C,Homo sapiens (Human),1035,yes,,"melanoma, clear cell sarcoma of soft parts, SCLC",,,"E, M",,,Mis,,,,FAM47C,family with sequence similarity 47 member C,442444,X:37008397-37011666,2,,21.1
"[['Callithrix jacchus', 'Aotus nancymaae'], ['Cebus imitator', 'Cebus capucinus', 'Sapajus apella'], ['Macaca fascicularis', 'Macaca mulatta', 'Macaca nemestrina']]","[['Gorilla gorilla', 'Pan paniscus', 'Pan troglodytes'], ['Mandrillus leucophaeus', 'Cercocebus atys', 'Papio anubis', 'Theropithecus gelada'], ['Trachypithecus francoisi', 'Rhinopithecus roxellana', 'Rhinopithecus bieti']]",MDS2,Q8NDY4,reviewed,MDS2_HUMAN,Myelodysplastic syndrome 2 translocation-associated protein,MDS2,Homo sapiens (Human),140,yes,,MDS,,,L,Dom,fusion,T,ETV6,,,MDS2,myelodysplastic syndrome 2,,1:23581495-23640568,2,,36.12
"[['Callithrix jacchus', 'Aotus nancymaae'], ['Cebus imitator', 'Cebus capucinus', 'Sapajus apella'], ['Macaca fascicularis', 'Macaca mulatta', 'Macaca nemestrina']]","[['Hylobates moloch', 'Nomascus leucogenys']]",NFKBIE,O00221,reviewed,IKBE_HUMAN,"NF-kappa-B inhibitor epsilon, NF-kappa-BIE (I-kappa-B-epsilon, IkB-E, IkB-epsilon, IkappaBepsilon)",NFKBIE IKBE,Homo sapiens (Human),500,yes,,"CLL, desmoplastic melanoma",,,"L, E",Dom/Rec,TSG,"F, Mis",,,,NFKBIE,"nuclear factor of kappa light polypeptide gene enhancer in B-cells inhibitor, epsilon",4794,6:44258166-44265788,1,Yes,21.1
"[['Callithrix jacchus', 'Aotus nancymaae'], ['Cebus imitator', 'Cebus capucinus', 'Sapajus apella'], ['Hylobates moloch', 'Nomascus leucogenys']]","[['Mandrillus leucophaeus', 'Cercocebus atys', 'Papio anubis', 'Theropithecus gelada'], ['Macaca fascicularis', 'Macaca mulatta', 'Macaca nemestrina'], ['Piliocolobus tephrosceles', 'Colobus angolensis palliatus'], ['Trachypithecus francoisi', 'Rhinopithecus roxellana', 'Rhinopithecus bieti']]",TNFRSF14,Q92956,reviewed,TNR14_HUMAN,"Tumor necrosis factor receptor superfamily member 14 (Herpes virus entry mediator A, Herpesvirus entry mediator A, HveA) (Tumor necrosis factor receptor-like 2, TR2) (CD antigen CD270)",TNFRSF14 HVEA HVEM UNQ329/PRO509,Homo sapiens (Human),283,yes,,follicular lymphoma,,,L,Rec,TSG,"Mis, N, F",,,,TNFRSF14,"tumor necrosis factor receptor superfamily, member 14 (herpesvirus entry mediator)",8764,1:2556366-2563829,1,,36.32
"[['Callithrix jacchus', 'Aotus nancymaae'], ['Cebus imitator', 'Cebus capucinus', 'Sapajus apella'], ['Hylobates moloch', 'Nomascus leucogenys'], ['Trachypithecus francoisi', 'Rhinopithecus roxellana', 'Rhinopithecus bieti']]",[],CRNKL1,Q9BZJ0,reviewed,CRNL1_HUMAN,"Crooked neck-like protein 1 (Crooked neck homolog, hCrn)",CRNKL1 CRN CGI-201 MSTP021,Homo sapiens (Human),848,yes,,base cell carcinoma,,,E,,,Mis,,,,CRNKL1,crooked neck pre-mRNA splicing factor 1 ,51340,20:20034368-20056046,2,,11.23
"[['Callithrix jacchus', 'Aotus nancymaae'], ['Cebus imitator', 'Cebus capucinus', 'Sapajus apella'], ['Hylobates moloch', 'Nomascus leucogenys'], ['Mandrillus leucophaeus', 'Cercocebus atys', 'Papio anubis', 'Theropithecus gelada'], ['Macaca fascicularis', 'Macaca mulatta', 'Macaca nemestrina'], ['Piliocolobus tephrosceles', 'Colobus angolensis palliatus'], ['Trachypithecus francoisi', 'Rhinopithecus roxellana', 'Rhinopithecus bieti']]",[],USP6,P35125,reviewed,UBP6_HUMAN,"Ubiquitin carboxyl-terminal hydrolase 6, EC 3.4.19.12 (Deubiquitinating enzyme 6) (Proto-oncogene TRE-2) (Ubiquitin thioesterase 6) (Ubiquitin-specific-processing protease 6)",USP6 HRP1 TRE2,Homo sapiens (Human),1406,yes,,aneurysmal bone cyst,,,M,Dom,"oncogene, fusion",T,"COL1A1, CDH11, CNBP, OMD, THRAP3",,,USP6,ubiquitin specific peptidase 6 (Tre-2 oncogene),9098,17:5116438-5174991,1,,13.2
"[['Callithrix jacchus', 'Aotus nancymaae'], ['Cebus imitator', 'Cebus capucinus', 'Sapajus apella'], ['Hylobates moloch', 'Nomascus leucogenys'], ['Gorilla gorilla', 'Pan paniscus', 'Pan troglodytes'], ['Mandrillus leucophaeus', 'Cercocebus atys', 'Papio anubis', 'Theropithecus gelada'], ['Macaca fascicularis', 'Macaca mulatta', 'Macaca nemestrina'], ['Piliocolobus tephrosceles', 'Colobus angolensis palliatus'], ['Trachypithecus francoisi', 'Rhinopithecus roxellana', 'Rhinopithecus bieti']]",[],HMGN2P46,Q86SG4,reviewed,DPCA2_HUMAN,"Putative Dresden prostate carcinoma protein 2, D-PCa-2 (High mobility group nucleosome-binding domain-containing protein 2 pseudogene 46)",HMGN2P46 C15orf21,Homo sapiens (Human),172,yes,,prostate,,,E,Dom,fusion,T,ETV1,,,HMGN2P46,high mobility group nucleosomal binding domain 2 pseudogene 46,,15:45511136-45556730,2,,21.1
"[['Callithrix jacchus', 'Aotus nancymaae'], ['Cebus imitator', 'Cebus capucinus', 'Sapajus apella'], ['Hylobates moloch', 'Nomascus leucogenys'], ['Gorilla gorilla', 'Pan paniscus', 'Pan troglodytes'], ['Mandrillus leucophaeus', 'Cercocebus atys', 'Papio anubis', 'Theropithecus gelada'], ['Macaca fascicularis', 'Macaca mulatta', 'Macaca nemestrina'], ['Piliocolobus tephrosceles', 'Colobus angolensis palliatus'], ['Trachypithecus francoisi', 'Rhinopithecus roxellana', 'Rhinopithecus bieti']]",[],MUC4,Q99102,reviewed,MUC4_HUMAN,"Mucin-4, MUC-4 (Ascites sialoglycoprotein, ASGP) (Pancreatic adenocarcinoma mucin) (Testis mucin) (Tracheobronchial mucin) [Cleaved into: Mucin-4 alpha chain (Ascites sialoglycoprotein 1, ASGP-1); Mucin-4 beta chain (Ascites sialoglycoprotein 2, ASGP-2) ]",MUC4,Homo sapiens (Human),5412,yes,,HNSCC,,,E,,oncogene,"Mis, O",,,,MUC4,"mucin 4, cell surface associated",4585,3:195746765-195812277,2,,29
"[['Callithrix jacchus', 'Aotus nancymaae'], ['Cebus imitator', 'Cebus capucinus', 'Sapajus apella'], ['Hylobates moloch', 'Nomascus leucogenys'], ['Gorilla gorilla', 'Pan paniscus', 'Pan troglodytes'], ['Mandrillus leucophaeus', 'Cercocebus atys', 'Papio anubis', 'Theropithecus gelada'], ['Piliocolobus tephrosceles', 'Colobus angolensis palliatus'], ['Trachypithecus francoisi', 'Rhinopithecus roxellana', 'Rhinopithecus bieti']]",[],MAF,O75444,reviewed,MAF_HUMAN,Transcription factor Maf (Proto-oncogene c-Maf) (V-maf musculoaponeurotic fibrosarcoma oncogene homolog),MAF,Homo sapiens (Human),373,yes,,MM,,,L,Dom,"oncogene, fusion",T,IGH,,,MAF,v-maf musculoaponeurotic fibrosarcoma oncogene homolog,4094,16:79593838-79600714,1,,23.2
"[['Callithrix jacchus', 'Aotus nancymaae'], ['Cebus imitator', 'Cebus capucinus', 'Sapajus apella'], ['Hylobates moloch', 'Nomascus leucogenys'], ['Gorilla gorilla', 'Pan paniscus', 'Pan troglodytes'], ['Mandrillus leucophaeus', 'Cercocebus atys', 'Papio anubis', 'Theropithecus gelada'], ['Macaca fascicularis', 'Macaca mulatta', 'Macaca nemestrina'], ['Piliocolobus tephrosceles', 'Colobus angolensis palliatus'], ['Trachypithecus francoisi', 'Rhinopithecus roxellana', 'Rhinopithecus bieti']]",[],DDIT3,P0DPQ6,reviewed,DT3UO_HUMAN,"DDIT3 upstream open reading frame protein (Alternative DDIT3 protein, AltDDIT3)",DDIT3,Homo sapiens (Human),34,yes,,liposarcoma,,,M,Dom,"oncogene, fusion",T,"FUS, EWSR1",,,DDIT3,DNA-damage-inducible transcript 3,1649,12:57516589-57520517,1,Yes,13.3
